n,ip_hash,first_click_utc,last_click_utc,first_click_paris,last_click_paris,search_window_start_paris,search_window_end_paris,clicks,device,referrer,utm_source,utm_medium,utm_campaign,user_agent
1,34948091609364747ad8d73a2c83fef0,2026-05-12 21:36:32,2026-05-12 21:36:32,2026-05-12 23:36:32,2026-05-12 23:36:32,2026-05-12 23:31:32,2026-05-13 00:06:32,1,iPhone,(direct - bio link ou app native),,,,"Mozilla/5.0 (iPhone; CPU iPhone OS 26_2_1 like Mac OS X) AppleWebKit/605.1.15 (KHTML, like Gecko) CriOS/148.0.7778.100 Mobile/15E148 Safari/604.1"
2,57183b777667d5be0c30be05d937310e,2026-05-12 23:46:17,2026-05-12 23:46:17,2026-05-13 01:46:17,2026-05-13 01:46:17,2026-05-13 01:41:17,2026-05-13 02:16:17,1,iPhone,https://taap.it/,,,,"Mozilla/5.0 (iPhone; CPU iPhone OS 18_7 like Mac OS X) AppleWebKit/605.1.15 (KHTML, like Gecko) Version/26.2 Mobile/15E148 Safari/604.1"
3,3f2747af0a51035f065f6b4d7f2747c7,2026-05-13 00:34:39,2026-05-13 00:34:39,2026-05-13 02:34:39,2026-05-13 02:34:39,2026-05-13 02:29:39,2026-05-13 03:04:39,1,iPhone,(direct - bio link ou app native),,,,"Mozilla/5.0 (iPhone; CPU iPhone OS 18_7 like Mac OS X) AppleWebKit/605.1.15 (KHTML, like Gecko) Version/26.4 Mobile/15E148 Safari/604.1"
4,2fad2f211e17769c83a4c2bfcca15751,2026-05-13 09:39:17,2026-05-13 09:39:17,2026-05-13 11:39:17,2026-05-13 11:39:17,2026-05-13 11:34:17,2026-05-13 12:09:17,1,iPhone,https://taap.it/,,,,"Mozilla/5.0 (iPhone; CPU iPhone OS 18_7 like Mac OS X) AppleWebKit/605.1.15 (KHTML, like Gecko) Version/26.4 Mobile/15E148 Safari/604.1"
5,4cdb1abd63281ec0ded434bb2871f0d8,2026-05-13 13:28:41,2026-05-13 13:28:41,2026-05-13 15:28:41,2026-05-13 15:28:41,2026-05-13 15:23:41,2026-05-13 15:58:41,1,iPhone,(direct - bio link ou app native),,,,"Mozilla/5.0 (iPhone; CPU iPhone OS 18_7 like Mac OS X) AppleWebKit/605.1.15 (KHTML, like Gecko) Version/26.3 Mobile/15E148 Safari/604.1 OPT/6.5.0"
6,83614d581eacba93e809f543a967bb82,2026-05-13 13:57:14,2026-05-13 14:19:04,2026-05-13 15:57:14,2026-05-13 16:19:04,2026-05-13 15:52:14,2026-05-13 16:49:04,3,iPhone,https://taap.it/,,,,"Mozilla/5.0 (iPhone; CPU iPhone OS 26_4_2 like Mac OS X) AppleWebKit/605.1.15 (KHTML, like Gecko) CriOS/148.0.7778.100 Mobile/15E148 Safari/604.1"
7,ed8b32fc0448347a2fcbe30f36d2bf65,2026-05-13 21:34:19,2026-05-13 21:35:33,2026-05-13 23:34:19,2026-05-13 23:35:33,2026-05-13 23:29:19,2026-05-14 00:05:33,4,iPhone,(direct - bio link ou app native),,,,"Mozilla/5.0 (iPhone; CPU iPhone OS 18_7 like Mac OS X) AppleWebKit/605.1.15 (KHTML, like Gecko) Version/26.4 Mobile/15E148 Safari/604.1"
8,20d3072461527d061da9ea9d3d031077,2026-05-13 22:31:29,2026-05-13 22:31:29,2026-05-14 00:31:29,2026-05-14 00:31:29,2026-05-14 00:26:29,2026-05-14 01:01:29,1,iPhone,(direct - bio link ou app native),,,,"Mozilla/5.0 (iPhone; CPU iPhone OS 18_7 like Mac OS X) AppleWebKit/605.1.15 (KHTML, like Gecko) Version/26.3 Mobile/15E148 Safari/604.1"
9,b3204faf6c198dea2557b4559bf72c07,2026-05-15 02:09:03,2026-05-15 02:09:03,2026-05-15 04:09:03,2026-05-15 04:09:03,2026-05-15 04:04:03,2026-05-15 04:39:03,1,iPhone,https://taap.it/,,,,"Mozilla/5.0 (iPhone; CPU iPhone OS 18_7 like Mac OS X) AppleWebKit/605.1.15 (KHTML, like Gecko) Version/26.4 Mobile/15E148 Safari/604.1"
10,90c058eb242206831a33046acac7ba95,2026-05-15 19:21:12,2026-05-15 19:21:12,2026-05-15 21:21:12,2026-05-15 21:21:12,2026-05-15 21:16:12,2026-05-15 21:51:12,1,iPhone,(direct - bio link ou app native),,,,"Mozilla/5.0 (iPhone; CPU iPhone OS 26_4_2 like Mac OS X) AppleWebKit/605.1.15 (KHTML, like Gecko) CriOS/148.0.7778.100 Mobile/15E148 Safari/604.1"
11,7d3d36d6857eb6b6b748895883a141b8,2026-05-16 16:09:10,2026-05-16 16:09:10,2026-05-16 18:09:10,2026-05-16 18:09:10,2026-05-16 18:04:10,2026-05-16 18:39:10,1,iPhone,(direct - bio link ou app native),,,,"Mozilla/5.0 (iPhone; CPU iPhone OS 18_7 like Mac OS X) AppleWebKit/605.1.15 (KHTML, like Gecko) Version/26.4 Mobile/15E148 Safari/604.1"
12,3c79d43030ff23a027617233599fad55,2026-05-16 20:39:18,2026-05-16 20:39:18,2026-05-16 22:39:18,2026-05-16 22:39:18,2026-05-16 22:34:18,2026-05-16 23:09:18,1,iPhone,https://taap.it/,,,,"Mozilla/5.0 (iPhone; CPU iPhone OS 18_7 like Mac OS X) AppleWebKit/605.1.15 (KHTML, like Gecko) Version/26.3 Mobile/15E148 Safari/604.1"
13,240bf15702e67b6833fbbbf8baf7a3dd,2026-05-17 11:01:46,2026-05-17 11:01:46,2026-05-17 13:01:46,2026-05-17 13:01:46,2026-05-17 12:56:46,2026-05-17 13:31:46,1,iPhone,https://taap.it/,,,,"Mozilla/5.0 (iPhone; CPU iPhone OS 18_7 like Mac OS X) AppleWebKit/605.1.15 (KHTML, like Gecko) Version/26.4 Mobile/15E148 Safari/604.1"
14,f67c738c3cfeab8f7e113fb19319c810,2026-05-17 12:45:32,2026-05-17 12:45:32,2026-05-17 14:45:32,2026-05-17 14:45:32,2026-05-17 14:40:32,2026-05-17 15:15:32,1,iPhone,https://taap.it/,,,,"Mozilla/5.0 (iPhone; CPU iPhone OS 18_7 like Mac OS X) AppleWebKit/605.1.15 (KHTML, like Gecko) Version/26.2 Mobile/15E148 Safari/604.1"
15,f283191f3ad9d77f381fce49f0f226b6,2026-05-17 16:18:07,2026-05-17 16:18:07,2026-05-17 18:18:07,2026-05-17 18:18:07,2026-05-17 18:13:07,2026-05-17 18:48:07,1,iPhone,https://taap.it/,,,,"Mozilla/5.0 (iPhone; CPU iPhone OS 18_7 like Mac OS X) AppleWebKit/605.1.15 (KHTML, like Gecko) Version/26.1 Mobile/15E148 Safari/604.1"
16,74622329ccfe170da9093d86bb133b4f,2026-05-18 01:24:04,2026-05-18 01:24:04,2026-05-18 03:24:04,2026-05-18 03:24:04,2026-05-18 03:19:04,2026-05-18 03:54:04,1,iPhone,(direct - bio link ou app native),,,,"Mozilla/5.0 (iPhone; CPU iPhone OS 18_7 like Mac OS X) AppleWebKit/605.1.15 (KHTML, like Gecko) Version/26.4 Mobile/15E148 Safari/604.1"
17,1fadff76ffc65c35e68b3c44c6aba749,2026-05-18 02:22:26,2026-05-18 02:22:27,2026-05-18 04:22:26,2026-05-18 04:22:27,2026-05-18 04:17:26,2026-05-18 04:52:27,2,iPhone,(direct - bio link ou app native),,,,"Mozilla/5.0 (iPhone; CPU iPhone OS 18_7 like Mac OS X) AppleWebKit/605.1.15 (KHTML, like Gecko) Version/26.4 Mobile/15E148 Safari/604.1"
18,db42f3d6ef1a609469641774903e153a,2026-05-18 02:23:02,2026-05-18 02:23:02,2026-05-18 04:23:02,2026-05-18 04:23:02,2026-05-18 04:18:02,2026-05-18 04:53:02,1,iPhone,https://taap.it/,,,,"Mozilla/5.0 (iPhone; CPU iPhone OS 18_7 like Mac OS X) AppleWebKit/605.1.15 (KHTML, like Gecko) Version/26.3 Mobile/15E148 Safari/604.1"
19,b7980bb93a3d59a4f8c84c073e58c81b,2026-05-18 03:04:22,2026-05-18 03:04:27,2026-05-18 05:04:22,2026-05-18 05:04:27,2026-05-18 04:59:22,2026-05-18 05:34:27,8,iPhone,https://taap.it/,,,,"Mozilla/5.0 (iPhone; CPU iPhone OS 18_0 like Mac OS X) AppleWebKit/605.1.15 (KHTML, like Gecko) Version/18.0 Mobile/15E148 Safari/604.1"
20,695132716b34f0d5e6fd977e617bc73a,2026-05-18 03:59:01,2026-05-18 04:02:32,2026-05-18 05:59:01,2026-05-18 06:02:32,2026-05-18 05:54:01,2026-05-18 06:32:32,2,iPhone,(direct - bio link ou app native),,,,"Mozilla/5.0 (iPhone; CPU iPhone OS 26_4_2 like Mac OS X) AppleWebKit/605.1.15 (KHTML, like Gecko) CriOS/148.0.7778.166 Mobile/15E148 Safari/604.1"
21,9f140f4e82e5847a7b81bd6bbd95e999,2026-05-18 05:15:34,2026-05-18 12:41:06,2026-05-18 07:15:34,2026-05-18 14:41:06,2026-05-18 07:10:34,2026-05-18 15:11:06,3,iPhone,https://taap.it/,,,,"Mozilla/5.0 (iPhone; CPU iPhone OS 18_7 like Mac OS X) AppleWebKit/605.1.15 (KHTML, like Gecko) Version/26.4.2 Mobile/23E261 Safari/604.1"
22,452f9d56dfdc0bc68efebc91dcbc1046,2026-05-18 05:58:40,2026-05-18 05:58:42,2026-05-18 07:58:40,2026-05-18 07:58:42,2026-05-18 07:53:40,2026-05-18 08:28:42,2,iPhone,(direct - bio link ou app native),,,,"Mozilla/5.0 (iPhone; CPU iPhone OS 18_7 like Mac OS X) AppleWebKit/605.1.15 (KHTML, like Gecko) Version/26.2 Mobile/15E148 Safari/604.1"
23,16cdbd75ff80c6bda379919497ecd51a,2026-05-18 07:03:48,2026-05-18 07:08:19,2026-05-18 09:03:48,2026-05-18 09:08:19,2026-05-18 08:58:48,2026-05-18 09:38:19,5,iPhone,(direct - bio link ou app native),,,,"Mozilla/5.0 (iPhone; CPU iPhone OS 18_7 like Mac OS X) AppleWebKit/605.1.15 (KHTML, like Gecko) Version/26.4 Mobile/15E148 Safari/604.1"
24,3fc0cf27254da6526a94e9248df82d50,2026-05-18 09:21:38,2026-05-18 09:23:01,2026-05-18 11:21:38,2026-05-18 11:23:01,2026-05-18 11:16:38,2026-05-18 11:53:01,2,iPhone,(direct - bio link ou app native),,,,"Mozilla/5.0 (iPhone; CPU iPhone OS 26_4_2 like Mac OS X) AppleWebKit/605.1.15 (KHTML, like Gecko) CriOS/148.0.7778.100 Mobile/15E148 Safari/604.1"
25,439d29db6013f869d4916454e77ddba3,2026-05-18 09:38:05,2026-05-18 09:38:05,2026-05-18 11:38:05,2026-05-18 11:38:05,2026-05-18 11:33:05,2026-05-18 12:08:05,1,iPhone,https://taap.it/,,,,"Mozilla/5.0 (iPhone; CPU iPhone OS 18_6_2 like Mac OS X) AppleWebKit/605.1.15 (KHTML, like Gecko) Version/18.6 Mobile/15E148 Safari/604.1"
26,a3af00254d0e3820404e58cdb2e98b2e,2026-05-18 12:00:49,2026-05-18 12:00:49,2026-05-18 14:00:49,2026-05-18 14:00:49,2026-05-18 13:55:49,2026-05-18 14:30:49,1,iPhone,https://taap.it/,,,,"Mozilla/5.0 (iPhone; CPU iPhone OS 18_7 like Mac OS X) AppleWebKit/605.1.15 (KHTML, like Gecko) Version/26.4 Mobile/15E148 Safari/604.1"
27,40c26e32ed3f8fef219f85a22206715f,2026-05-18 13:18:20,2026-05-18 13:18:20,2026-05-18 15:18:20,2026-05-18 15:18:20,2026-05-18 15:13:20,2026-05-18 15:48:20,1,iPhone,https://taap.it/,,,,"Mozilla/5.0 (iPhone; CPU iPhone OS 18_7 like Mac OS X) AppleWebKit/605.1.15 (KHTML, like Gecko) Version/26.2 Mobile/15E148 Safari/604.1"
28,e01aa3be5de337ae6ae65fabf857e95d,2026-05-18 14:08:03,2026-05-18 14:08:03,2026-05-18 16:08:03,2026-05-18 16:08:03,2026-05-18 16:03:03,2026-05-18 16:38:03,1,iPhone,(direct - bio link ou app native),,,,"Mozilla/5.0 (iPhone; CPU iPhone OS 18_7 like Mac OS X) AppleWebKit/605.1.15 (KHTML, like Gecko) Version/26.4 Mobile/15E148 Safari/604.1"
29,7bc21079b9c26b032fb35279d9f37ef8,2026-05-18 20:17:23,2026-05-18 22:08:38,2026-05-18 22:17:23,2026-05-19 00:08:38,2026-05-18 22:12:23,2026-05-19 00:38:38,11,iPhone,https://taap.it/,,,,"Mozilla/5.0 (iPhone; CPU iPhone OS 18_7 like Mac OS X) AppleWebKit/605.1.15 (KHTML, like Gecko) Version/26.3 Mobile/15E148 Safari/604.1"
30,a7e61a788b23d57c845fc3878ce540da,2026-05-18 20:58:48,2026-05-18 20:58:48,2026-05-18 22:58:48,2026-05-18 22:58:48,2026-05-18 22:53:48,2026-05-18 23:28:48,1,iPhone,(direct - bio link ou app native),,,,"Mozilla/5.0 (iPhone; CPU iPhone OS 18_7 like Mac OS X) AppleWebKit/605.1.15 (KHTML, like Gecko) Version/26.4 Mobile/15E148 Safari/604.1"
31,89266333316bd7d893287b61f3af5be0,2026-05-18 21:00:50,2026-05-18 21:00:50,2026-05-18 23:00:50,2026-05-18 23:00:50,2026-05-18 22:55:50,2026-05-18 23:30:50,1,iPhone,(direct - bio link ou app native),,,,"Mozilla/5.0 (iPhone; CPU iPhone OS 18_7 like Mac OS X) AppleWebKit/605.1.15 (KHTML, like Gecko) Version/26.2 Mobile/15E148 Safari/604.1"
32,8f193d431854a1a929ae166c1c998fdc,2026-05-19 04:53:00,2026-05-19 04:53:00,2026-05-19 06:53:00,2026-05-19 06:53:00,2026-05-19 06:48:00,2026-05-19 07:23:00,1,Android,(direct - bio link ou app native),,,,"Mozilla/5.0 (Linux; Android 10; K) AppleWebKit/537.36 (KHTML, like Gecko) Chrome/148.0.0.0 Mobile Safari/537.36"
33,e40ab088a2dc5dd7c78dce96fcf86dc4,2026-05-19 11:01:27,2026-05-19 11:01:27,2026-05-19 13:01:27,2026-05-19 13:01:27,2026-05-19 12:56:27,2026-05-19 13:31:27,1,Windows,https://taap.it/,ig,social,,"Mozilla/5.0 (Windows NT 10.0; Win64; x64) AppleWebKit/537.36 (KHTML, like Gecko) Chrome/148.0.0.0 Safari/537.36"
34,57326bd4bdb46b9f46cf90f2fbb716e4,2026-05-19 15:26:56,2026-05-19 15:29:50,2026-05-19 17:26:56,2026-05-19 17:29:50,2026-05-19 17:21:56,2026-05-19 17:59:50,7,iPhone,https://taap.it/,,,,"Mozilla/5.0 (iPhone; CPU iPhone OS 18_7 like Mac OS X) AppleWebKit/605.1.15 (KHTML, like Gecko) Version/26.3 Mobile/15E148 Safari/604.1"
35,3241c7a1ad8b657ad0c5299cdd4710ec,2026-05-19 15:32:31,2026-05-19 15:32:31,2026-05-19 17:32:31,2026-05-19 17:32:31,2026-05-19 17:27:31,2026-05-19 18:02:31,1,iPhone,https://taap.it/,,,,"Mozilla/5.0 (iPhone; CPU iPhone OS 18_7 like Mac OS X) AppleWebKit/605.1.15 (KHTML, like Gecko) Version/26.4 Mobile/15E148 Safari/604.1"
36,e0e9efdbe59074f53eee5ec3f805b80c,2026-05-19 15:36:29,2026-05-19 15:36:29,2026-05-19 17:36:29,2026-05-19 17:36:29,2026-05-19 17:31:29,2026-05-19 18:06:29,1,iPhone,https://taap.it/,,,,"Mozilla/5.0 (iPhone; CPU iPhone OS 18_7 like Mac OS X) AppleWebKit/605.1.15 (KHTML, like Gecko) Version/26.3 Mobile/15E148 Safari/604.1"
37,bd7638d4c0a42a0643a9fa85c6fca558,2026-05-19 15:37:32,2026-05-19 15:47:09,2026-05-19 17:37:32,2026-05-19 17:47:09,2026-05-19 17:32:32,2026-05-19 18:17:09,3,Mac,https://taap.it/,,,,"Mozilla/5.0 (Macintosh; Intel Mac OS X 10_15_7) AppleWebKit/605.1.15 (KHTML, like Gecko) Version/26.4 Safari/605.1.15"
38,505bc683dae843797b511388451992c3,2026-05-19 16:20:51,2026-05-20 15:46:37,2026-05-19 18:20:51,2026-05-20 17:46:37,2026-05-19 18:15:51,2026-05-20 18:16:37,78,iPhone,https://taap.it/,,,,"Mozilla/5.0 (iPhone; CPU iPhone OS 18_7 like Mac OS X) AppleWebKit/605.1.15 (KHTML, like Gecko) Version/26.2 Mobile/15E148 Safari/604.1"
39,f68e31810bb91d4a173078e578a45278,2026-05-19 23:56:20,2026-05-19 23:56:20,2026-05-20 01:56:20,2026-05-20 01:56:20,2026-05-20 01:51:20,2026-05-20 02:26:20,1,iPhone,(direct - bio link ou app native),,,,"Mozilla/5.0 (iPhone; CPU iPhone OS 18_7 like Mac OS X) AppleWebKit/605.1.15 (KHTML, like Gecko) Version/26.3 Mobile/15E148 Safari/604.1"
40,0bdad579ffa0567b774b52caf46ff49e,2026-05-20 00:43:19,2026-05-20 00:43:19,2026-05-20 02:43:19,2026-05-20 02:43:19,2026-05-20 02:38:19,2026-05-20 03:13:19,1,iPhone,https://taap.it/,,,,"Mozilla/5.0 (iPhone; CPU iPhone OS 18_7 like Mac OS X) AppleWebKit/605.1.15 (KHTML, like Gecko) Version/26.4 Mobile/23E246 Safari/604.1"
41,a779ded5432622aaec5c6364c059a22c,2026-05-20 03:11:19,2026-05-20 03:11:19,2026-05-20 05:11:19,2026-05-20 05:11:19,2026-05-20 05:06:19,2026-05-20 05:41:19,1,iPhone,(direct - bio link ou app native),,,,"Mozilla/5.0 (iPhone; CPU iPhone OS 17_7 like Mac OS X) AppleWebKit/605.1.15 (KHTML, like Gecko) Version/17.7 Mobile/15E148 Safari/604.1"
42,d87f9eab5a9ebd8880f910a4e06e04cd,2026-05-20 07:14:13,2026-05-20 07:14:13,2026-05-20 09:14:13,2026-05-20 09:14:13,2026-05-20 09:09:13,2026-05-20 09:44:13,1,iPhone,(direct - bio link ou app native),,,,"Mozilla/5.0 (iPhone; CPU iPhone OS 26_4_2 like Mac OS X) AppleWebKit/605.1.15 (KHTML, like Gecko) CriOS/148.0.7778.166 Mobile/15E148 Safari/604.1"
43,a63dab91ecd86c0fa3ce053ea42f584d,2026-05-20 08:55:55,2026-05-20 08:55:55,2026-05-20 10:55:55,2026-05-20 10:55:55,2026-05-20 10:50:55,2026-05-20 11:25:55,1,iPhone,https://taap.it/,,,,"Mozilla/5.0 (iPhone; CPU iPhone OS 18_7 like Mac OS X) AppleWebKit/605.1.15 (KHTML, like Gecko) Version/18.7.3 Mobile/15E148 Safari/604.1"
44,bfd8525d4c2ace174d49a4df729586ed,2026-05-20 14:05:56,2026-05-20 14:05:56,2026-05-20 16:05:56,2026-05-20 16:05:56,2026-05-20 16:00:56,2026-05-20 16:35:56,1,iPhone,(direct - bio link ou app native),,,,"Mozilla/5.0 (iPhone; CPU iPhone OS 18_7 like Mac OS X) AppleWebKit/605.1.15 (KHTML, like Gecko) Version/26.4 Mobile/15E148 Safari/604.1"
45,faadc0a2a6e1502aecf3119892c0c167,2026-05-20 15:32:31,2026-05-20 15:34:05,2026-05-20 17:32:31,2026-05-20 17:34:05,2026-05-20 17:27:31,2026-05-20 18:04:05,2,iPhone,https://taap.it/,,,,"Mozilla/5.0 (iPhone; CPU iPhone OS 18_7 like Mac OS X) AppleWebKit/605.1.15 (KHTML, like Gecko) Version/26.2 Mobile/15E148 Safari/604.1"
46,7bc3dbcd5154e66cd411184c421cf3c8,2026-05-20 15:36:04,2026-05-20 15:36:04,2026-05-20 17:36:04,2026-05-20 17:36:04,2026-05-20 17:31:04,2026-05-20 18:06:04,1,iPhone,https://taap.it/,,,,"Mozilla/5.0 (iPhone; CPU iPhone OS 18_7 like Mac OS X) AppleWebKit/605.1.15 (KHTML, like Gecko) Version/26.2 Mobile/15E148 Safari/604.1"
47,90be0e3fa1fc2854a7f95d44b1c518b6,2026-05-21 13:38:32,2026-05-21 13:38:32,2026-05-21 15:38:32,2026-05-21 15:38:32,2026-05-21 15:33:32,2026-05-21 16:08:32,1,iPhone,(direct - bio link ou app native),,,,"Mozilla/5.0 (iPhone; CPU iPhone OS 26_2_1 like Mac OS X) AppleWebKit/605.1.15 (KHTML, like Gecko) CriOS/148.0.7778.166 Mobile/15E148 Safari/604.1"
48,5b05451f59bd8fd93b09bd2077997b18,2026-05-21 14:05:33,2026-05-21 14:05:36,2026-05-21 16:05:33,2026-05-21 16:05:36,2026-05-21 16:00:33,2026-05-21 16:35:36,2,Mac,https://taap.it/,,,,"Mozilla/5.0 (Macintosh; Intel Mac OS X 10_15_7) AppleWebKit/537.36 (KHTML, like Gecko) Chrome/147.0.0.0 Safari/537.36"
49,3d3043ed58214a200127c75717619542,2026-05-21 15:28:05,2026-05-21 15:31:39,2026-05-21 17:28:05,2026-05-21 17:31:39,2026-05-21 17:23:05,2026-05-21 18:01:39,3,iPhone,(direct - bio link ou app native),,,,"Mozilla/5.0 (iPhone; CPU iPhone OS 18_7 like Mac OS X) AppleWebKit/605.1.15 (KHTML, like Gecko) Version/18.7.5 Mobile/15E148 Safari/604.1"
50,4286caaf1bc3f4860b90bb5ed626c226,2026-05-21 15:30:58,2026-05-21 15:50:36,2026-05-21 17:30:58,2026-05-21 17:50:36,2026-05-21 17:25:58,2026-05-21 18:20:36,4,Windows,(direct - bio link ou app native),,,,"Mozilla/5.0 (Windows NT 10.0; Win64; x64) AppleWebKit/537.36 (KHTML, like Gecko) Chrome/148.0.0.0 Safari/537.36"
51,2ee60880ab576f170c7c21904803cc97,2026-05-21 15:32:28,2026-05-21 15:41:42,2026-05-21 17:32:28,2026-05-21 17:41:42,2026-05-21 17:27:28,2026-05-21 18:11:42,3,Windows,https://taap.it/,,,,"Mozilla/5.0 (Windows NT 10.0; Win64; x64) AppleWebKit/537.36 (KHTML, like Gecko) Chrome/148.0.0.0 Safari/537.36"
